ID,SKU,Name
2933,C11CH13301A1,"Epson SureColor SC-P9500 Large Format Printer"
6089,C11CE20001A0,"Epson SureColor SC P20000 Large Format Printer"
6105,C13T800100,"C13T800100 Epson Singlepack Photo Black UltraChrome PRO 700ml Ink"
6119,C13T800300,"C13T800300 Epson Singlepack Vivid Magenta 700ml Ink"
6121,C13T800200,"C13T800200 Epson Singlepack Cyan 700ml Ink"
6123,C13T800500,"C13T800500 Epson Singlepack Light Cyan 700ml Ink"
6125,C13T800400,"C13T800400 Epson Singlepack Yellow UltraChrome PRO 700ml Ink"
6127,C13T800600,"C13T800600 Epson Singlepack Vivid Light Magenta UltraChrome PRO 700ml"
6129,C13T800800,"C13T800800 Epson Singlepack Matte Black UltraChrome PRO 700ml Ink"
6131,C13T800900,"C13T800900 Epson Singlepack Gray UltraChrome PRO 700ml Ink"
6133,C13T800000,"C13T800000 Epson Singlepack Light Gray UltraChrome PRO 700ml Ink"
6135,C13T800700,"C13T800700 Epson Singlepack Dark Gray UltraChrome PRO 700ml"
6137,C13T619300,"Epson Maintenance Box - C13T619300"
6139,CX-02,"Citizen CX02 Digital Photo Printer"
6219,C11CH86401BY,"Epson WorkForce Enterprise WF-C20600 D4TW Multi Function Printer"
6229,C13T02Q100,"C13T02Q100 Epson WorkForce Enterprise WF-C20600 Black Ink"
6236,C13T02Q200,"C13T02Q200 - Epson WorkForce Enterprise WF-C20600 Cyan Ink"
6238,C13T02Q300,"C13T02Q300 - Epson WorkForce Enterprise WF-C20600 Magenta Ink"
6240,C13T02Q400,"C13T02Q400 - Epson WorkForce Enterprise WF-C20600 Yellow Ink"
6242,C13T671300,"Epson Maintenance Box - C13T671300"
6272,C13T44Q440,"C13T44Q440 Epson Singlepack Yellow UltraChrome PRO12 350ml Ink"
6276,C13T44Q140,"C13T44Q140 Epson Singlepack Photo Black UltraChrome PRO12 350ml"
6278,C13T44Q340,"C13T44Q340 Epson Singlepack Vivid Magenta UltraChrome PRO12 350ml"
6280,C13T44Q240,"C13T44Q240 Epson Singlepack Cyan UltraChrome PRO12 350ml Ink"
6282,C13T44Q540,"C13T44Q540 Epson Singlepack Light Cyan UltraChrome PRO12 350ml"
6284,C13T44Q740,"C13T44Q740 Epson Singlepack Gray UltraChrome PRO 12 350ml Ink"
6286,C13T44Q640,"C13T44Q640 Epson Singlepack Vivid Light Magenta UltraChrome PRO 12 350ml"
6288,C13T44Q840,"C13T44Q840 Epson Singlepack Matte Black UltraChrome PRO12 350ml"
6290,C13T44QA40,"C13T44QA40 Epson Singlepack Orange UltraChrome PRO 12 350ml Ink"
6292,C13T44Q940,"C13T44Q940 Epson Singlepack Light Gray UltraChrome PRO12 350ml"
6294,C13T44QD40,"C13T44QD40 Epson Singlepack Violet UltraChrome PRO12 350ml Ink"
6296,C13T44QB40,"C13T44QB40 Epson Singlepack Green UltraChrome PRO12 350ml Ink"
6298,C13T699700,"Epson Maintenance Box - C13T699700"
6300,C13T44J440,"C13T44J440 Epson Singlepack Yellow UltraChrome PRO 12 700ml Ink"
6315,C13T44J240,"C13T44J240 Epson Singlepack Cyan UltraChrome PRO12 700ml Ink"
6317,C13T44J140,"C13T44J140 Epson Singlepack Photo Black UltraChrome PRO12 700ml"
6319,C13T44J340,"C13T44J340 Epson Singlepack Vivid Magenta UltraChrome PRO12 700ml"
6321,C13T44J540,"C13T44J540 Epson Singlepack Light Cyan UltraChrome PRO12 700ml"
6323,C13T44J640,"C13T44J640 Epson Singlepack Vivid Light Magenta 700ml Ink"
6325,C13T44J740,"C13T44J740 Epson Singlepack Gray UltraChrome PRO12 700ml Ink"
6327,C13T44J840,"C13T44J840 Epson Singlepack Matte Black UltraChrome PRO12 700ml Ink"
6329,C13T44JB40,"C13T44JB40 Epson Singlepack Green UltraChrome PRO12 700ml Ink"
6332,C13T44JA40,"C13T44JA40 Epson Singlepack Orange UltraChrome PRO12 700ml Ink"
6334,C13T44JD40,"C13T44JD40 Epson Singlepack Violet UltraChrome PRO12 700ml Ink"
6337,C13T44J940,"C13T44J940 Epson Singlepack Light Gray UltraChrome PRO12 700ml Ink"
6522,C11CH12301A1,"Epson SureColor SC-P7500 24'' Large Format Printer"
6529,C11CE40301A0,"Epson SureColor SC-P9000 44'' Large Format Printer"
6530,C13T804200,"C13T804200 Epson Singlepack Cyan UltraChrome HDX/HD 700ml Ink"
6544,C13T804300,"C13T804300 Epson Singlepack Vivid Magenta UltraChrome HDX/HD 700ml"
6547,C13T804100,"C13T804100 Epson Singlepack Photo Black UltraChrome HDX/HD 700ml Ink"
6561,C13T804400,"C13T804400 Epson Singlepack Yellow UltraChrome HDX/HD 700ml"
6564,C13T804500,"C13T804500 Epson Singlepack Light Cyan UltraChrome HDX/HD 700ml"
6567,C13T804600,"C13T804600 Epson Singlepack Vivid Light Magenta UltraChrome HDX/HD 700ml"
6572,C13T804700,"C13T804700 Epson Singlepack Light Black UltraChrome HDX/HD 700ml"
6575,C13T804800,"C13T804800 Epson Singlepack Matte Black UltraChrome HDX/HD 700ml"
6579,C13T804900,"C13T804900 Epson Singlepack Light Light Black UltraChrome HDX/HD 700ml"
6584,C13T804B00,"C13T804B00 Epson Singlepack Green UltraChrome HDX 700ml Ink"
6587,C13T804A00,"C13T804A00 Epson Singlepack Orange UltraChrome HDX 700ml"
6591,C13T804D00,"C13T804D00 Epson Singlepack Violet UltraChrome HDX 700ml Ink"
6594,C13T824100,"C13T824100 Epson Singlepack Photo Black UltraChrome HDX/HD 350ml"
6597,C13T824200,"C13T824200 Epson Singlepack Cyan UltraChrome HDX/HD 350ml Ink"
6603,C13T824300,"C13T824300 Epson Singlepack Vivid Magenta  UltraChrome HDX/HD 350ml"
6606,C13T824400,"C13T824400 Epson Singlepack Yellow UltraChrome HDX/HD 350ml"
6610,C13T824500,"C13T824500 Epson Singlepack Light Cyan UltraChrome HDX/HD 350ml"
6613,C13T824700,"C13T824700 Epson Singlepack Light Black UltraChrome HDX/HD 350ml"
6617,C13T824600,"C13T824600 Epson Singlepack Vivid Light Magenta UltraChrome HDX/HD 350ml"
6624,C13T824800,"C13T824800 Epson Singlepack Matte Black UltraChrome HDX/HD 350ml"
6627,C13T824900,"C13T824900 Epson Singlepack Light Light Black UltraChrome 350ml"
6631,C13T824A00,"C13T824A00 Epson Singlepack Orange UltraChrome HDX 350ml"
6636,C13T824B00,"C13T824B00 Epson Singlepack Green UltraChrome HDX 350ml"
6640,C13T824D00,"C13T824D00 Epson Singlepack Violet UltraChrome HDX 350ml"
6676,C11CE39301A0,"Epson SureColor SC P7000 Large Format Printer"
6709,C11CE42301A0,"Epson SureColor SC-P8000 Large-Format Inkjet Printer"
6721,C11CE41301A0,"Epson SureColor SC P6000 Large-Format Printer STD"
6763,C13T913100,"C13T913100 Epson Photo Black Ink Cartridge (200ml)"
6766,C13T913300,"C13T913300 Epson Vivid Magenta Ink Cartridge (200ml)"
6769,C13T913400,"C13T913400 Epson Yellow Ink Cartridge (200ml)"
6772,C13T913200,"C13T913200 Epson Cyan Ink Cartridge (200ml)"
6779,C13T913600,"C13T913600 Epson Vivid Light Magenta Ink Cartridge (200ml)"
6782,C13T913700,"C13T913700 Epson Light Black Ink Cartridge (200ml)"
6785,C13T913500,"C13T913500 Epson Light Cyan Ink Cartridge (200ml)"
6788,C13T913A00,"C13T913A00 Epson Orange Ink Cartridge (200ml)"
6791,C13T913800,"C13T913800 Epson Matte Black Ink Cartridge (200ml)"
6794,C11CF66001A4,"Epson SureColor SC P5000 17"" Large Format Printer STD"
6814,C13T913900,"C13T913900 Epson Light Light Black Ink Cartridge (200ml)"
6818,C13T913D00,"C13T913D00 Epson Violet Ink Cartridge (200ml)"
6825,C13T913B00,"C13T913B00 Epson Green Ink Cartridge (200ml)"
6828,C13T619000,"Epson Maintenance Box - C13T619000"
6846,C13T47A100,"C13T47A100 Epson Singlepack Photo Black UltraChrome Pro10 Ink"
6849,C13T47A200,"C13T47A200 Epson Singlepack Cyan UltraChrome Pro 10 Ink"
6852,C13T47A300,"C13T47A300 Epson Singlepack Vivid Magenta UltraChrome Pro10 Ink"
6856,C13T47A500,"C13T47A500 Epson Singlepack Light Cyan UltraChrome Pro10 Ink"
6859,C13T47A400,"C13T47A400 Epson Singlepack Yellow UltraChrome Pro10 Ink"
6865,C13T47A600,"C13T47A600 Epson Singlepack Vivid Light Magenta UltraChrome Pro10 Ink 50ml"
6870,C13T47A700,"C13T47A700 Epson Singlepack Gray UltraChrome Pro 10 Ink 50ml"
6873,C13T47A800,"C13T47A800 Epson Singlepack Matte Black UltraChrome Pro10 Ink"
6876,C13T47A900,"C13T47A900 Epson Singlepack Light Gray UltraChrome Pro 10 Ink 50ml"
6879,C13T47AD00,"C13T47AD00 Epson Singlepack Violet T47AD UltraChrome Pro10 Ink"
6883,C12C935711,"Epson C12C935711 Maintenance Tank - SC-P700/SC-P900"
6886,C11CH37402DA,"Epson SureColor SC P900 Photo Printer"
6899,C13T46S100,"C13T46S100 Epson Singlepack Photo Black UltraChrome Pro10 Ink"
6907,C13T46S200,"C13T46S200 Epson Singlepack Cyan UltraChrome Pro10 Ink"
6910,C13T46S300,"C13T46S300 Epson Singlepack Vivid Magenta UltraChrome Pro10 Ink"
6913,C13T46S400,"C13T46S400 Epson Singlepack Yellow UltraChrome Pro10 Ink"
6917,C13T46S500,"C13T46S500 Epson Singlepack Light Cyan UltraChrome Pro10 Ink"
6921,C13T46S600,"C13T46S600 Epson Singlepack Vivid Light Magenta UltraChrome Pro 10 Ink"
6928,C13T46S700,"C13T46S700 Epson Singlepack Gray UltraChrome Pro10 Ink"
6933,C13T46S800,"C13T46S800 Epson Singlepack Matte Black UltraChrome Pro10 Ink"
6936,C13T46S900,"C13T46S900 Epson Singlepack Light Gray UltraChrome Pro10 Ink"
6939,C13T46SD00,"C13T46SD00 Epson Singlepack Violet Ink"
6943,C11CH38402DA,"Epson SureColor SC-P700 13"" Photo Printer"
6986,CY-02,"Citizen CY02 Photo Printer"
7002,CX-02W,"Citizen CX-02W 8"" Large Photo Printer"
7017,CZ-01,"Citizen CZ01 Photo Printer"
7041,C13T619100,"Epson Maintenance Tank 17"" (Borderless) - C13T619100"
7141,C11CH87401BY,"Epson WorkForce Enterprise WF-C20750 D4TW Multi Function Printer"
7161,C13T02S100,"C13T02S100 Epson WorkForce Enterprise WF-C20750 Black Ink"
7164,C13T02S300,"C13T02S300 Epson WorkForce Enterprise WF-C20750 Magenta Ink"
7168,C13T02S200,"C13T02S200 Epson WorkForce Enterprise WF-C20750 Cyan Ink"
7171,C13T02S400,"C13T02S400 Epson WorkForce Enterprise WF-C20750 Yellow Ink"
7175,C13T02Y100,"C13T02Y100 Epson WorkForce Enterprise WF-C21000 Black Ink"
7178,C13T02Y200,"C13T02Y200 Epson WorkForce Enterprise WF-C21000 Cyan Ink"
7181,C13T02Y300,"C13T02Y300 Epson WorkForce Enterprise WF-C21000 Magenta Ink"
7185,C13T02Y400,"C13T02Y400 Epson WorkForce Enterprise WF-C21000 Yellow Ink"
7190,C11CH88401BY,"Epson WorkForce Enterprise WF-C21000 D4TW Multi Function Printer"
7204,C13T946140,"C13T946140 Epson WF-C5290/WF-C5790 Series XXL Black Ink Cartridge"
7207,C13T945140,"C13T945140 Epson WF-C52xx / WF-C57xx Series XL Black Ink Cartridge"
7212,C13T945240,"C13T945240 Epson WF-C52xx/WF-C57xx Series XL Cyan Ink Cartridge"
7215,C13T945340,"C13T945340 Epson WF-C52xx/WF-C57xx Series XL Magenta Ink Cartridge"
7220,C13T945440,"C13T945440 Epson WF-C52xx / WF-C57xx Series XL Yellow Ink Cartridge"
7223,C13T944240,"C13T944240 Epson WF-C52xx/WF-C57xx Series L Cyan Ink Cartridge"
7226,C13T944340,"C13T944340 Epson WF-C52xx/WF-C57xx Series L Magenta Ink Cartridge"
7229,C13T944440,"C13T944440 Epson WF-C52xx / WF-C57xx Series L Yellow Ink Cartridge"
7233,C13T944140,"C13T944140 Epson WF-C52xx/WF-C57xx Series L Black Ink Cartridge"
7236,C13T671600,"Epson Maintenance Box - C13T671600"
7252,C11CG05201,"Epson WorkForce Pro WF-C5290 Wi-Fi Duplex Inkjet Printer"
7271,C11CG02201,"Epson WorkForce Pro WF-C5790 DWF Multifunction Color Printer"
7297,C13T01D100,"C13T01D100 Epson WorkForce Pro WF-C529R/C579R Black XXL Ink"
7300,C13T01D200,"C13T01D200 Epson WorkForce Pro WF-C529R / C579R Cyan XXL Ink"
7305,C13T01D300,"C13T01D300 Epson WorkForce Pro WF-C529R/C579R Magenta XXL Ink"
7309,C13T01C200,"C13T01C200 Epson WorkForce Pro WF-C529R/C579R Cyan XL Ink"
7312,C13T01D400,"C13T01D400 Epson WorkForce Pro WF-C529R/C579R Yellow XXL Ink"
7315,C13T01C100,"C13T01C100 Epson WorkForce Pro WF-C529R/C579R Black XL Ink"
7318,C13T01C300,"C13T01C300 Epson WorkForce Pro WF-C529R/C579R Magenta XL Ink"
7321,C13T01C400,"C13T01C400 Epson WorkForce Pro WF-C529R/C579R Yellow XL Ink"
7324,C11CG79401BC,"Epson WorkForce Pro WF-C529R Business Printer"
7348,C11CG77402BC,"Epson WorkForce Pro WF-C579R DTWF Multifunction Printer"
7374,C13T05A100,"C13T05A100 Epson WorkForce Pro WF-C87xR Black XL Ink"
7377,C13T05A200,"C13T05A200 Epson WorkForce Pro WF-C87xR Cyan XL Ink"
7380,C13T05A300,"C13T05A300 Epson WorkForce Pro WF-C87xR Magenta XL Ink"
7384,C13T05A400,"C13T05A400 Epson WorkForce Pro WF-C87xR Yellow XL Ink"
7387,C13T05B140,"C13T05B140 Epson WorkForce Pro WF-C879R Black XXL Ink"
7393,C13T05B240,"C13T05B240 Epson WorkForce Pro WF-C879R Cyan XXL Ink"
7395,C13T05B340,"C13T05B340 Epson WorkForce Pro WF-C879R Magenta XXL Ink"
7398,C13T05B440,"C13T05B440 Epson WorkForce Pro WF-C879R Yellow XXL Ink"
7401,C13T671400,"Epson Maintenance box - C13T671400"
7413,C11CH35402BC,"Epson WorkForce Pro WF-C879R DWF Multifunction Printer"
7433,C11CH60402BY,"Epson WorkForce Pro WF-C878R DWF Multifunction Color Printer"
7456,C13T966140,"C13T966140 Epson WorkForce WF-M52xx/57xx Series XXL Black Ink"
7459,C13T965140,"C13T965140 Epson WorkForce WF-M52xx/57xx Series XL Black Ink"
7463,C13T964140,"C13T964140 Epson WorkForce WF-M52xx/57xx Series L Black Ink Cartridge"
7466,C11CG07402BY,"Epson WorkForce Pro WF-M5299 Monochrome Printer"
7468,C11CG04402BY,"Epson WorkForce Pro WF-M5799 Multifunction Printer"
7503,C13T692100,"C13T692100 Epson Singlepack Photo Black UltraChrome XD Ink"
7506,C13T692200,"C13T692200 Epson Singlepack Cyan UltraChrome XD Ink"
7509,C13T692400,"C13T692400 Epson Singlepack Yellow UltraChrome XD Ink"
7512,C13T692300,"C13T692300 Epson Singlepack Magenta UltraChrome XD Ink"
7515,C13T692500,"C13T692500 Epson Singlepack Matte Black UltraChrome XD Ink"
7523,C13T693100,"C13T693100 Epson Singlepack Photo Black UltraChrome XD Ink"
7527,C13T693200,"C13T693200 Epson Singlepack Cyan UltraChrome XD Ink(350ml)"
7530,C13T693300,"C13T693300 Epson Singlepack Magenta UltraChrome XD Ink (350ml)"
7534,C13T693500,"C13T693500 Epson Singlepack Matte Black UltraChrome XD Ink (350ml)"
7541,C13T693400,"C13T693400 Epson Singlepack Yellow UltraChrome XD Ink (350ml)"
7544,C13T694100,"C13T694100 Epson Singlepack Photo Black UltraChrome XD Ink (700ml)"
7548,C13T694200,"C13T694200 Epson Singlepack Cyan UltraChrome XD Ink (700ml)"
7552,C13T694300,"C13T694300 Epson Singlepack Magenta UltraChrome XD Ink (700ml)"
7555,C13T694400,"C13T694400 Epson Singlepack Yellow UltraChrome XD Ink (700ml)"
7558,C13T694500,"C13T694500 Epson Singlepack Matte Black UltraChrome XD Ink (700ml)"
7566,C13T41F240,"C13T41F240 Epson Singlepack Cyan UltraChrome XD2 Ink (350ml)"
7569,C13T41F340,"C13T41F340 Epson Singlepack Magenta UltraChrome XD2 Ink (350ml)"
7572,C13T41F440,"C13T41F440 Epson Singlepack Yellow UltraChrome XD2 Ink (350ml)"
7575,C13T41F540,"C13T41F540 Epson Singlepack Black UltraChrome XD2 Ink (350ml)"
7578,C13T41R240,"C13T41R240 Epson Singlepack Cyan UltraChrome XD2 Ink (110ml)"
7581,C13T41R340,"C13T41R340 Epson Magenta Singlepack UltraChrome XD2 Ink(110ml)"
7584,C13T41R440,"C13T41R440 Epson Singlepack Yellow UltraChrome XD2 Ink (110ml)"
7587,C13T41R540,"C13T41R540 Epson Singlepack Black UltraChrome XD2 Ink (110ml)"
7590,C13T41E240,"C13T41E240 Epson Singlepack Cyan UltraChrome XD2 Ink (700ml)"
7594,C13T41E340,"C13T41E340 Epson Singlepack Magenta UltraChrome XD2 Ink (700ml)"
7597,C13T41E540,"C13T41E540 Epson Singlepack Matte Black UltraChrome XD2 Ink (700ml)"
7600,C13T41E440,"C13T41E440 Epson Singlepack Yellow UltraChrome XD2 Ink (700ml)"
7606,C11CD66301A0,"Epson SureColor SC-T3200 24″ Printer (With Stand)"
7608,C11CD67301A0,"Epson SureColor SC-T5200 36"" Large Format Printer"
7610,C11CD68301A0,"Epson SureColor SC-T7200 44'' Large Format Printer"
7612,C11CD67301A2,"Epson SureColor SC-T5200 36'' MFP HDD Large Format Printer"
7614,C11CD68301A1,"Epson SureColor SC-T7200 44″ MFP Large Format Printer"
7685,C11CJ55301A1,"Epson SureColor SC-T3405 24"" Wireless Printer (With Stand)"
7687,C11CJ56301A1,"Epson SureColor SC-T5405 36'' Wireless Printer"
7729,C13S042138,"C13S042138 Epson Double Weight Matte Paper Roll 64""X25M"
7736,C13S041385,"C13S041385 Epson Double Weight Matte Paper Roll 24""x25M"
7741,C13S041387,"C13S041387 Epson Double Weight Matte Paper Roll 44""x25M"
7743,C13S041597,"C13S041597 Epson Enhanced Matte Paper 44""X30.5M"
7747,C13S041846,"C13S041846 Epson Premium Canvas Satin, 17''X12.2m"
7750,C13S045065,"C13S045065 Epson Premium Canvas Satin 60''X12.2M"
7753,C13S041848,"C13S041848 Epson Premium Canvas Satin, 44''X12.2M"
7757,C13S041847,"C13S041847 Epson Premium Canvas Satin 24''X12.2M"
7760,C13S041845,"C13S041845 Epson Premium Canvas Satin 13''X6.1m 350gsm"
7766,C13S041725,"C13S041725 Epson Enhanced Matte Paper Roll, 17""x30.5 M"
7770,C13S041595,"C13S041595 Epson Enhanced Matte Paper Roll 24""x30.5M"
7773,C13S042135,"C13S042135 Epson Enhanced Matte Paper Roll 64""x30.5M"
7779,C13S041785,"C13S041785 Epson Premium Luster Photo Paper DIN A3+"
7782,C13S041784,"C13S041784 Epson Premium Luster Photo Paper DIN A4"
7786,C13S042123,"C13S042123 Epson Premium Luster Photo Paper DIN A2"
7789,C13S041263,"C13S041263 Epson Premium Presentation Paper Matte 13''x 19''"
7792,C13S041257,"C13S041257 Epson Premium Presentation Paper Matte 8.5"" x 11"""
7795,C13S041260,"C13S041260 Epson Premium Presentation Paper Matte 11.7""x16.5"""
7797,C13S041467,"C13S041467 Epson Premium Presentation Paper Matte 8""x10"""
7799,C13S041468,"C13S041468 Epson Premium Presentation Paper Matte 11""X14"""
7801,C13S042180,"C13S042180 Epson Premium Presentation Paper Matte"
7805,C13S041568,"C13S041568 Epson Premium Presentation Paper Matte"
7813,C13S041220,"C13S041220 Epson Presentation Matte Paper Roll, 44""x25M"
7816,C13S041295,"C13S041295 Epson Presentation Matte Paper Roll 24""x25M"
7819,C13S450276,"C13S450276 Epson Fine Art Cotton Smooth Bright A2"
7822,C13S450274,"C13S450274 Epson Fine Art Cotton Smooth Bright A4"
7824,C13S450275,"C13S450275 Epson Fine Art Cotton Smooth Bright A3+"
7827,C13S450270,"C13S450270 Epson Fine Art Cotton Smooth Bright 17""x15M"
7832,C13S450271,"C13S450271 Epson Fine Art Cotton Smooth Bright 24""x15M"
7835,C13S450272,"C13S450272 Epson Fine Art Cotton Smooth Bright 44""x15M"
7838,C13S450273,"C13S450273 Epson Fine Art Cotton Smooth Bright 64""x15M"
7842,C13S450288,"C13S450288 Epson Fine Art Cotton Textured Bright A4"
7845,C13S450289,"C13S450289 Epson Fine Art Cotton Textured Bright A3+"
7848,C13S450290,"C13S450290 Epson Fine Art Cotton Textured Bright A2"
7850,C13S450284,"C13S450284 Epson Fine Art Cotton Textured Bright 17""x15m"
7853,C13S450285,"C13S450285 Epson Fine Art Cotton Textured Bright 24""x15M"
7856,C13S450286,"C13S450286 Epson Fine Art Cotton Textured Bright 44""x15M"
7859,C13S450287,"C13S450287 Epson Fine Art Cotton Textured Bright 64""x15M"
7863,C13S041332,"C13S041332 Epson Premium Semigloss Photo Paper, DIN A4"
7866,C13S041328,"C13S041328 Epson Premium Semigloss Photo Paper, DIN A3+"
7869,C13S041334,"C13S041334 Epson Premium Semigloss Photo Paper DIN A3"
7873,C13S041765,"C13S041765 Epson Premium Semi-Gloss Photo Paper 10x15cm"
7876,C13S042093,"C13S042093 Epson Premium SemiGloss Photo Paper DIN A2"
7880,C13S042152,"C13S042152 Epson Premium Semimatte 44'' Photo Paper Roll"
7883,C13S042149,"C13S042149 Epson Premium Semimatte 16'' Photo Paper"
7886,C13S042150,"C13S042150 Epson Premium Semimatte 24'' Photo Paper Roll"
7890,C13S045083,"C13S045083 Epson Matte Backlit Film 24""x30.5M"
7893,C13S045084,"C13S045084 Epson Matte Backlit Film 44""x30.5M"
7896,C13S045052,"C13S045052 Epson Traditional Photo Paper DIN A2"
7900,C13S045050,"C13S045050 Epson Traditional Photo Paper DIN A4"
7902,C13S045051,"C13S045051 Epson Traditional Photo Paper DIN A3+"
7905,C13S045054,"C13S045054 Epson Traditional 17'' Photo Paper"
7908,C13S045056,"C13S045056 Epson Traditional 44'' Photo Paper"
7913,C13S045055,"C13S045055 Epson Traditional 24'' Photo Paper"
7915,C13S045107,"C13S045107 Epson Traditional 64'' Photo Paper"
7920,C13S042141,"C13S042141 Epson Ultra Smooth 60'' Fine Art Paper"
7923,C13S042074,"C13S042074 Epson Ultra Smooth Fine Art Paper 17""x15.2M"
7925,C13S042105,"C13S042105 Epson Ultra Smooth A2 Fine Art Paper"
7929,C13S041896,"C13S041896 Epson Ultrasmooth A3+ Fine Art Paper"
7934,C13S041783,"C13S041783 Epson Ultra smooth 44'' Fine Art Paper"
7936,C13S041782,"C13S041782 Epson Ultra Smooth 24'' Fine Art Paper"
7940,S041746,"S041746 Epson Singleweight 17'' Matte Paper"
7943,C13S041853,"C13S041853 Epson Singleweight 24'' Matte Paper"
7946,C13S041855,"C13S041855 Epson Singleweight 44'' Matte Paper"
7950,S041854,"S041854 Epson Singleweight 36'' Matte Paper"
7955,C13S450264,"C13S450264 Epson Fine Art Cotton Smooth Natural 24""x15M"
7962,C13S450263,"C13S450263 Epson Fine Art Cotton Smooth Natural 17""x15M"
7965,C13S450265,"C13S450265 Epson Fine Art Cotton Smooth Natural 44""x15M"
7968,C13S450266,"C13S450266 Epson Fine Art Cotton Smooth Natural 64""x15M"
7972,C13S450267,"C13S450267 Epson Fine Art Cotton Smooth Natural A4"
7975,C13S450268,"C13S450268 Epson Fine Art Cotton Smooth Natural A3+"
7977,C13S450269,"C13S450269 Epson Fine Art Cotton Smooth Natural A2"
7992,S042327,"S042327 Epson Hot Press Bright Paper 8.5""x11"""
7995,S042330,"S042330 Epson Hot Press Bright Paper 13""x19"""
7998,S042331,"S042331 Epson Hot Press Bright Paper 17""x22"""
8001,S042333,"S042333 Epson Hot Press Bright Paper 17""x50'"
8004,S042334,"S042334 Epson Hot Press Bright Paper 24""x50'"
8006,S042335,"S042335 Epson Hot Press Bright Paper 44""x50'"
8008,S042336,"S042336 Epson Hot Press Bright Paper 60""x 50'"
8012,S042317,"S042317 Epson Hot Press Natural Paper 8.5"" x 11"""
8015,S042320,"S042320 Epson Hot Press Natural Paper 13""x19"""
8017,S042321,"S042321 Epson Hot Press Natural Paper 17"" x 22"""
8019,S042323,"S042323 Epson Hot Press Natural Paper 17"" x 50'"
8024,S042324,"S042324 Epson Hot Press Natural Paper 24""x50'"
8027,S042325,"S042325 Epson Hot Press Natural Paper 44""x50'"
8029,S042326,"S042326 Epson Hot Press Natural Paper 60""x50'"
8032,S042307,"S042307 Epson Cold Press Bright Paper 8.5""x11"""
8035,S042310,"S042310 Epson Cold Press Bright Paper 13""x19"""
8038,S042311,"S042311 Epson Cold Press Bright Paper 17""x22"""
8040,S042313,"S042313 Epson Cold Press Bright Paper 17""x50'"
8042,S042314,"S042314 Epson Cold Press Bright Paper 24""x50'"
8044,S042315,"S042315 Epson Cold Press Bright Paper 44""x50'"
8049,S042316,"S042316 Epson Cold Press Bright Paper 60""x50'"
8052,S042297,"S042297 Epson Cold Press Natural Paper 8.5""x11"""
8055,S042300,"S042300 Epson Cold Press Natural Paper 13""x19"""
8057,S042301,"S042301 Epson Cold Press Natural Paper 17""x22"""
8059,S042303,"S042303 Epson Cold Press Natural Paper 17""x50'"
8061,S042304,"S042304 Epson Cold Press Natural Paper  24""x50'"
8063,S042305,"S042305 Epson Cold Press Natural Paper 44""x50'"
8065,S042306,"S042306 Epson Cold Press Natural Paper 60""x50'"
8069,C13S045151,"C13S045151 Epson Crystal Clear Film 17""x30.5M"
8073,C13S042372,"C13S042372 Epson ClearProof® Film 24""x30.5M"
8078,C13S045152,"C13S045152 Epson Crystal Clear Film 24""x30.5M"
8082,C13S042377,"C13S042377 Epson MetallicProof® Film 24""x30.5M"
8085,C13S042408,"C13S042408 Epson ClearProof® Thin Film 24""x30.5M"
8089,C13S042016,"C13S042016 Epson WaterResistant Matte Canvas Roll 44""x12.2M"
8092,C13S042013,"C13S042013 Epson WaterResistant Matte Canvas Roll 17""x12.2M"
8097,C13S042014,"C13S042014 Epson WaterResistant Matte Canvas Roll 24""x12.2 M"
8100,C13S045064,"C13S045064 Epson WaterResistant Matte Canvas Roll 60""x12.2M"
8103,C13S041624,"C13S041624 Epson Premium Glossy Photo Paper A4"
8111,C13S041287,"C13S041287 Epson Premium Glossy Photo Paper A4"
8122,C13S041315,"C13S041315 Epson Premium Glossy Photo Paper DIN A3"
8126,C13S041316,"C13S041316 Epson Premium Glossy Photo Paper DIN A3+"
8130,C13S041729,"C13S041729 Epson Premium Glossy Photo Paper 10x15cm"
8133,C13S041706,"C13S041706 Epson Premium Glossy Photo Paper 10x15cm"
8136,C13S041875,"C13S041875 Epson Premium Glossy Photo Paper 13x18cm"
8138,C13S042091,"C13S042091 Epson Premium Glossy Photo Paper DIN A2"
8142,C13S042079,"C13S042079 Epson Premium Luster Photo Paper 16""x30.5 M"
8145,C13S042081,"C13S042081 Epson Premium Luster Photo Paper 24""x30.5M"
8147,C13S042083,"C13S042083 Epson Premium Luster Photo Paper 44""x30.5M"
8149,C13S042078,"C13S042078 Epson Premium Luster Photo Paper 30''x30.5M"
8152,C13S042080,"C13S042080 Epson Premium Luster Photo Paper 20""x30.5M"
8157,C13S042134,"C13S042134 Epson Premium Luster Photo Paper 60""x30.5M"
8159,S045260,"S045260 Epson Exhibition Canvas Matte Paper 60""x40' Roll"
8163,S045255,"S045255 Epson Exhibition Canvas Matte Paper 13""x20' Roll"
8165,S045256,"S045256 Epson Exhibition Canvas Matte Paper 17""x40' Roll"
8167,S045257,"S045257 Epson Exhibition Canvas Matte Paper 24""x40' Roll"
8169,S045258,"S045258 Epson Exhibition Canvas Matte Paper 36""x40' Roll"
8171,S045259,"S045259 Epson Exhibition Canvas Matte Paper  44""x40' Roll"
8175,S045261,"S045261 Epson Exhibition Canvas Matte Paper 17""x22"""
8180,C13S041893,"C13S041893 Epson Photo Paper Gloss 24""x30.5M"
8184,C13S041895,"C13S041895 Epson Photo Paper Gloss 44""x30.5M"
8187,C13S041894,"C13S041894 Epson Photo Paper Gloss 36""x30.5M"
8189,C13S041892,"C13S041892 Epson Photo Paper Gloss 17""x30.5M"
8212,C13S041393,"C13S041393 Epson Premium Semigloss 24'' Photo Paper Roll"
8216,C13S041338,"C13S041338 Epson Premium Semigloss Photo Paper Roll"
8218,C13S041395,"C13S041395 Epson Premium Semigloss 44'' Photo Paper Roll"
8220,C13S041641,"C13S041641 Epson Premium Semigloss 24'' Photo Paper Roll"
8222,C13S041743,"C13S041743 Epson Premium Semigloss 16'' Photo Paper Roll"
8226,C13S042133,"C13S042133 Epson Premium Semigloss 60'' Photo Paper Roll"
8228,C13S042137,"C13S042137 Epson Premium Semigloss 60'' Photo Paper Roll"
8230,C13S042075,"C13S042075 Epson Premium Semigloss 16.5'' Photo Paper Roll"
8234,SP91203,"SP91203 Epson Somerset Velvet 24""x50' 255GSM"
8239,SP91204,"SP91204 Epson Somerset Velvet 44""x50'"
8243,C13S041256,"C13S041256 Epson Matte A4 Paper Heavy Weight"
8440,C11CE40301A2,"Epson SC-P9000 Large Format Printer Spectro"
8442,C11CE40301A1,"Epson SureColor SC-P9000 Printer Violet"
8444,C11CE40301A3,"Epson SC-P9000V Printer Violet Spectro"
8475,C11CH13301A3,"Epson SureColor SC-P9500 Large Format Printer Spectro"
8500,C11CE42301A2,"Epson SureColor SC P8000 Inkjet Printer Spectro"
8520,C11CH12301A3,"Epson SureColor SC-P7500 24'' Printer Spectro"
8560,C11CE41301A2,"Epson SureColor P6000 24"" Large-Format Printer Spectro"
8574,C11CF66001A5,"Epson SureColor SC P5000 17"" Large Format Printer Violet"
8579,C11CF66001A6,"Epson SureColor SC P5000 17"" Large Format Printer STD Spectro"
8584,C11CF66001A7,"Epson SureColor SC P5000 17"" Printer Violet Spectro"
8697,C11CD66301A1,"Epson SureColor SC-T3200 24″ Printer (Without Stand)"
8703,C11CD66301EB,"Epson SureColor SC-T3200-PS Printer (With Adobe Postscript Unit)"
8734,C11CJ55302A1,"Epson SureColor SC-T3405 24"" Wireless Printer (Without Stand)"
9012,C11CG77402BS,"Epson WorkForcePro WF-C579R D2TWF Multifunction Printer"
9020,C11CG77402BY,"Epson WorkForce Pro WF-C579R DWF Multifunction Printer"
9031,C11CH35402BS,"Epson WorkForce Pro WF-C879R DTWFC Multifunction Printer"
9040,C11CH35402BZ,"Epson WorkForce Pro WF-C879R D3TWFC Multifunction Printer"
9054,C11CH60402BC,"Epson WorkForce Pro WF-C878R DTWF Multifunction Printer"
9059,C11CH60402BZ,"Epson WorkForce Pro WF-C878R D3TWFC Multifunction Printer"
9159,CY02Bag,"Citizen CY-02 Printer Carry Bag"
9781,"Citizen CX-02 Bag","Citizen CX-02 Printer Carry Bag"
9786,"CZ01 Carry Bag","Citizen CZ-01 Printer Carry Bag"
9790,"Citizen Pen","Citizen Thermal Head Cleaning Pen"
9795,CX2.6X8,"Citizen CX-02 6x8"" (15x20cm) Media"
9797,CX2.4x6,"Citizen CX-02 4x6"" (10x15cm) Media"
10146,"IFA 11","Innova IFA 11 Photo Cotton Rag 315gsm"
10149,IFA-11-610x15,"Innova IFA 11 Photo Cotton Rag 315gsm - 24""X15 M"
10151,IFA-11-1118x15,"Innova IFA 11 Photo Cotton Rag 315gsm - 44""X15 M"
10243,"IFA 107","Innova IFA 107 Fabriano Printmaking Rag 310gsm"
10247,IFA-107-A4-25,"Innova IFA 107 Fabriano Printmaking Rag 310gsm - A4 - 25 Sheets"
10249,IFA-107-A3P-25,"Innova IFA 107 Fabriano Printmaking Rag 310gsm - A3+ - 25 Sheets"
10250,IFA-107-A3-25,"Innova IFA 107 Fabriano Printmaking Rag 310gsm - A3 - 25 Sheets"
10251,IFA-107-610x15,"Innova IFA 107 Fabriano Printmaking Rag 310gsm - 24""X15 M"
10252,IFA-107-1118x15,"Innova IFA 107 Fabriano Printmaking Rag 310gsm - 44""X15 M"
10263,IFA-11-A4-25,"Innova IFA 11 Photo Cotton Rag 315gsm - A4 - 25 Sheets"
10264,IFA-11-A3P-25,"Innova IFA 11 Photo Cotton Rag 315gsm - A3+ - 25 Sheets"
10265,IFA-11-A3-25,"Innova IFA 11 Photo Cotton Rag 315gsm - A3 - 25 Sheets"
10266,"IFA 22","Innova IFA 22 Etching Cotton Rag 315gsm"
10269,IFA-22-A4-25,"Innova IFA 22 Etching Cotton Rag 315gsm - A4 - 25 Sheets"
10271,IFA-22-A3-25,"Innova IFA 22 Etching Cotton Rag 315gsm - A3 - 25 Sheets"
10272,IFA-22-A3P-25,"Innova IFA 22 Etching Cotton Rag 315gsm - A3+ - 25 Sheets"
10273,IFA-22-610x15,"Innova IFA 22 Etching Cotton Rag 315gsm - 24""X15 M"
10274,IFA-22-1118x15,"Innova IFA 22 Etching Cotton Rag 315gsm - 44""X15 M"
10280,"IFA 108","Innova IFA 108 Fabriano Artistico Watercolour Rag 310gsm"
10281,IFA-108-A4-25,"Innova IFA 108 Fabriano Artistico Watercolour Rag 310gsm - A4 - 25 Sheets"
10284,IFA-108-A3-25,"Innova IFA 108 Fabriano Artistico Watercolour Rag 310gsm - A3 - 25 Sheets"
10285,IFA-108-A3P-25,"Innova IFA 108 Fabriano Artistico Watercolour Rag 310gsm - A3+ - 25 Sheets"
10286,IFA-108-610x15,"Innova IFA 108 Fabriano Artistico Watercolour Rag 310gsm - 24""X15 M"
10287,IFA-108-1118x15,"Innova IFA 108 Fabriano Artistico Watercolour Rag 310gsm - 44""X15 M"
10293,"IFA 45","Innova IFA 45 Exhibition Cotton Gloss 335gsm"
10296,IFA-45-A4-25,"Innova IFA 45 Exhibition Cotton Gloss 335gsm - A4 - 25 Sheets"
10298,IFA-45-A3-25,"Innova IFA 45 Exhibition Cotton Gloss 335gsm - A3 - 25 Sheets"
10299,IFA-45-A3P-25,"Innova IFA 45 Exhibition Cotton Gloss 335gsm - A3+ - 25 Sheets"
10300,IFA-45-610x15,"Innova IFA 45 Exhibition Cotton Gloss 335gsm - 24""X15 M"
10301,IFA-45-1118x15,"Innova IFA 45 Exhibition Cotton Gloss 335gsm - 44""X15 M"
10303,"IFA 69","Innova IFA 69 Exhibition Photo Baryta 310gsm"
10306,IFA-69-A4-25,"Innova IFA 69 Exhibition Photo Baryta 310gsm - A4 - 25 Sheets"
10308,IFA-69-A3-25,"Innova IFA 69 Exhibition Photo Baryta 310gsm - A3 - 25 Sheets"
10309,IFA-69-A3P-25,"Innova IFA 69 Exhibition Photo Baryta 310gsm - A3+ - 25 Sheets"
10310,IFA-69-610x15,"Innova IFA 69 Exhibition Photo Baryta 310gsm - 24""X15 M"
10311,IFA-69-1118x15,"Innova IFA 69 Exhibition Photo Baryta 310gsm - 44""X15 M"
10312,"IFA 04","Innova IFA 04 Smooth Cotton High White 215gsm"
10316,IFA-04-A4-50,"Innova IFA 04 Smooth Cotton High White 215gsm - A4 - 50 Sheets"
10321,IFA-04-A3P-50,"Innova IFA 04 Smooth Cotton High White 215gsm - A3+ - 50 Sheets"
10322,IFA-04-A3-50,"Innova IFA 04 Smooth Cotton High White 215gsm - A3 - 50 Sheets"
10323,IFA-04-1118x15,"Innova IFA 04 Smooth Cotton High White 215gsm - 44""X15 M"
10324,IFA-04-610x15,"Innova IFA 04 Smooth Cotton High White 215gsm - 24""X15 M"
10325,"IFA 05","Innova IFA 05 Smooth Cotton High White DS 225gsm"
10333,"IFA 12","Innova IFA 12 Soft Textured Natural White 315gsm"
10337,IFA-12-A4-50,"Innova IFA 12 Soft Textured Natural White 315gsm - A4 - 50 Sheets"
10339,IFA-12-A3P-50,"Innova IFA 12 Soft Textured Natural White 315gsm - A3+ - 50 Sheets"
10340,IFA-12-A3-50,"Innova IFA 12 Soft Textured Natural White 315gsm - A3 - 50 Sheets"
10341,IFA-12-610x15,"Innova IFA 12 Soft Textured Natural White 315gsm - 24""X15 M"
10342,IFA-12-1118x15,"Innova IFA 12 Soft Textured Natural White 315gsm - 44""X15 M"
10344,"IFA 13","Innova IFA 13 Cold Press Rough Textured Natural White 315gsm"
10347,IFA-13-A4-50,"Innova IFA 13 Cold Press Rough Textured Natural White 315gsm - A4 - 50 Sheets"
10350,IFA-13-A3P-50,"Innova IFA 13 Cold Press Rough Textured Natural White 315gsm - A3+ - 50 Sheets"
10351,IFA-13-A3-50,"Innova IFA 13 Cold Press Rough Textured Natural White 315gsm - A3 - 50 Sheets"
10352,IFA-13-1118x15,"Innova IFA 13 Cold Press Rough Textured Natural White 315gsm - 44""X15 M"
10353,IFA-13-610x15,"Innova IFA 13 Cold Press Rough Textured Natural White 315gsm - 24""X15 M"
10354,"IFA 14","Innova IFA 14 Smooth Cotton High White 315gsm"
10358,IFA-14-A4-50,"Innova IFA 14 Smooth Cotton High White 315gsm - A4 - 50 Sheets"
10360,IFA-14-A3-50,"Innova IFA 14 Smooth Cotton High White 315gsm - A3 - 50 Sheets"
10361,IFA-14-A3P-50,"Innova IFA 14 Smooth Cotton High White 315gsm - A3+ - 50 Sheets"
10362,IFA-14-1118x15,"Innova IFA 14 Smooth Cotton High White 315gsm - 44""X15 M"
10363,IFA-14-610x15,"Innova IFA 14 Smooth Cotton High White 315gsm - 24""X15 M"
10364,"IFA 15","Innova IFA 15 Soft White Cotton 280gsm"
10370,"IFA 23","Innova IFA 23 Décor Watercolour Art 245gsm"
10372,IFA-23-1118x30,"Innova IFA 23 Décor Watercolour Art 245gsm - 44""X30 M"
10376,IFA-23-610x30,"Innova IFA 23 Décor Watercolour Art 245gsm - 24""X30 M"
10377,"IFA 26","Innova IFA 26 Soft Textured Bright White Cotton 315gsm"
10381,IFA-26-A4-50,"Innova IFA 26 Soft Textured Bright White Cotton 315gsm - A4 - 50 Sheets"
10383,IFA-26-A3P-50,"Innova IFA 26 Soft Textured Bright White Cotton 315gsm - A3+ - 50 Sheets"
10384,IFA-26-A3-50,"Innova IFA 26 Soft Textured Bright White Cotton 315gsm - A3 - 50 Sheets"
10385,IFA-26-610x15,"Innova IFA 26 Soft Textured Bright White Cotton 315gsm - 24""X15 M"
10386,IFA-26-1118x15,"Innova IFA 26 Soft Textured Bright White Cotton 315gsm - 44""X15 M"
10387,"IFA 27","Innova IFA 27 Cold Press Rough Textured Bright White Cotton"
10391,IFA-27-A4-50,"Innova IFA 27 Cold Press Rough Textured Bright White Cotton - A4 - 50 Sheets"
10393,IFA-27-A3P-50,"Innova IFA 27 Cold Press Rough Textured Bright White Cotton - A3+ - 50 Sheets"
10394,IFA-27-A3-50,"Innova IFA 27 Cold Press Rough Textured Bright White Cotton - A3 - 50 Sheets"
10395,IFA-27-610x15,"Innova IFA 27 Cold Press Rough Textured Bright White Cotton - 24""X15 M"
10396,IFA-27-1118x15,"Innova IFA 27 Cold Press Rough Textured Bright White Cotton - 44""X15 M"
10397,"IFA 54","Innova IFA 54 Exhibition Matte Cotton Canvas"
10401,IFA-54-610x15,"Innova IFA 54 Exhibition Matte Cotton Canvas - 24""X15 M"
10403,IFA-54-1118x15,"Innova IFA 54 Exhibition Matte Cotton Canvas - 44""X15 M"
10408,"IFA 55","Innova IFA 55 Exhibition Matte Polycotton Canvas"
10411,IFA-55-610x15,"Innova IFA 55 Exhibition Matte Polycotton Canvas - 24""X15 M"
10412,IFA-55-1118x15,"Innova IFA 55 Exhibition Matte Polycotton Canvas - 44""X15 M"
10414,"IFA 52","Innova IFA 52 Exhibition Matte Polyester Canvas"
10415,IFA-52-610x30,"Innova IFA 52 Exhibition Matte Polyester Canvas - 24""X30 M"
10420,IFA-52-1118x30,"Innova IFA 52 Exhibition Matte Polyester Canvas - 44""X30 M"
10423,"IFA 56","Innova IFA 56 Exhibition Gloss Polycotton Canvas"
10426,IFA-56-610x15,"Innova IFA 56 Exhibition Gloss Polycotton Canvas - 24""X15 M"
10427,IFA-56-1118x15,"Innova IFA 56 Exhibition Gloss Polycotton Canvas - 44""X15 M"
10431,"IFA 96","Innova IFA 96 Eco Solvent Poly Cotton Canvas"
10435,IFA-96-762x25,"Innova IFA 96 Eco Solvent Poly Cotton Canvas - 30''X25 M"
10436,IFA-96-1372x25,"Innova IFA 96 Eco Solvent Poly Cotton Canvas - 54''X25 M"
10437,IFA-96-1524x25,"Innova IFA 96 Eco Solvent Poly Cotton Canvas - 60''X25 M"
10442,"IFA 95","Innova IFA 95 Eco Solvent Polyester Canvas"
10446,IFA-95-762x25,"Innova IFA 95 Eco Solvent Polyester Canvas - 30''X25 M"
10447,IFA-95-1372x25,"Innova IFA 95 Eco Solvent Polyester Canvas - 54''X25 M"
10448,IFA-95-1524x25,"Innova IFA 95 Eco Solvent Polyester Canvas - 60''X25 M"
10451,"IFA 93","Innova IFA 93 Eco Solvent Watercolour Paper"
10452,IFA-93-762x25,"Innova IFA 93 Eco Solvent Watercolour Paper - 30''X25 M"
10453,IFA-93-1372x25,"Innova IFA 93 Eco Solvent Watercolour Paper - 54''X25 M"
10454,IFA-93-1524x25,"Innova IFA 93 Eco Solvent Watercolour Paper - 60''X25 M"
10460,"IFA 94","Innova IFA 94 Eco Solvent Velvet Art Paper"
10464,IFA-94-762x25,"Innova IFA 94 Eco Solvent Velvet Art Paper - 30''X25 M"
10465,IFA-94-1372x25,"Innova IFA 94 Eco Solvent Velvet Art Paper - 54''X25 M"
10466,IFA-94-1524x25,"Innova IFA 94 Eco Solvent Velvet Art Paper - 60''X25 M"
10470,"IFA 145","Innova IFA 145 Eco Solvent Poster Art Paper"
10474,IFA-145-762-030,"Innova IFA 145 Eco Solvent Poster Art Paper - 30''X30 M"
10475,IFA-145-1372-030,"Innova IFA 145 Eco Solvent Poster Art Paper - 54''X30 M"
10476,IFA-145-1524-030,"Innova IFA 145 Eco Solvent Poster Art Paper - 60""X30 M"
10478,"IFA 98","Innova IFA 98 Eco Solvent Paste Up Wallpaper"
10485,"IFA 24","Innova IFA 24 Décor Smooth Art 210gsm"
10490,"IFA 25","Innova IFA 25 Décor Smooth Art DS 220gsm"
10557,IFA-05-A4-50,"Innova IFA 05 Smooth Cotton High White DS 225gsm - A4 - 50 Sheets"
10558,IFA-05-A3-50,"Innova IFA 05 Smooth Cotton High White DS 225gsm - A3 - 50 Sheets"
10559,IFA-05-A3P-50,"Innova IFA 05 Smooth Cotton High White DS 225gsm - A3+ - 50 Sheets"
10560,IFA-05-610x15,"Innova IFA 05 Smooth Cotton High White DS 225gsm - 24""X15 M"
10561,IFA-05-1118x15,"Innova IFA 05 Smooth Cotton High White DS 225gsm - 44""X15 M"
10562,IFA-15-A4-25,"Innova IFA 15 Soft White Cotton 280gsm - A4 - 25 Sheets"
10563,IFA-15-A3P-25,"Innova IFA 15 Soft White Cotton 280gsm - A3+ - 25 Sheets"
10564,IFA-15-A3-25,"Innova IFA 15 Soft White Cotton 280gsm - A3 - 25 Sheets"
10565,IFA-15-610x15,"Innova IFA 15 Soft White Cotton 280gsm - 24""X15 M"
10566,IFA-15-1118x15,"Innova IFA 15 Soft White Cotton 280gsm - 44""X15 M"
10567,IFA-24-A4-50,"Innova IFA 24 Décor Smooth Art 210gsm - A4 - 50 Sheets"
10568,IFA-24-A3P-50,"Innova IFA 24 Décor Smooth Art 210gsm - A3+ - 50 Sheets"
10569,IFA-24-A3-50,"Innova IFA 24 Décor Smooth Art 210gsm - A3 - 50 Sheets"
10570,IFA-24-610x30,"Innova IFA 24 Décor Smooth Art 210gsm - 24""X30 M"
10571,IFA-24-1118x30,"Innova IFA 24 Décor Smooth Art 210gsm - 44""X30 M"
10578,"OLM 62","OLM 62 Olmec Photo Gloss Lightweight 190gsm"
10583,OLM62R24,"OLM 62 Olmec Photo Gloss Lightweight 190gsm - 24""X30 M"
10584,OLM62R44,"OLM 62 Olmec Photo Gloss Lightweight 190gsm - 44""X30 M"
10586,"OLM 68","OLM 68 Olmec Photo Lustre Lightweight 190gsm"
10591,OLM68R24,"OLM 68 Olmec Photo Lustre Lightweight 190gsm - 24""X30 M"
10592,OLM68R44,"OLM 68 Olmec Photo Lustre Lightweight 190gsm - 44""X30 M"
10593,"OLM 59","OLM 59 Olmec Photo Lustre Heavyweight 260gsm"
10595,OLM59R24,"OLM 59 Olmec Photo Lustre Heavyweight 260gsm - 24""X30 M"
10596,OLM59R44,"OLM 59 Olmec Photo Lustre Heavyweight 260gsm - 44""X30 M"
10601,"OLM 60","OLM 60 Olmec Photo Gloss Heavyweight 260gsm"
10605,OLM60R24,"OLM 60 Olmec Photo Gloss Heavyweight 260gsm - 24""X30 M"
10606,OLM60R44,"OLM 60 Olmec Photo Gloss Heavyweight 260gsm - 44""X30 M"
10609,"OLM 61","OLM 61 Olmec Photo Satin Heavyweight 260gsm"
10610,OLM61R24,"OLM 61 Olmec Photo Satin Heavyweight 260gsm - 24""X30 M"
10611,OLM61R44,"OLM 61 Olmec Photo Satin Heavyweight 260gsm - 44""X30 M"
10616,"OLM 65","OLM 65 Olmec Photo Gloss Double Sided 250gsm"
10617,OLM65A4,"OLM 65 Olmec Photo Gloss Double Sided 250gsm - A4 - 50 Sheets"
10618,OLM65A3,"OLM 65 Olmec Photo Gloss Double Sided 250gsm - A3 - 50 Sheets"
10623,"OLM 67","OLM 67 Olmec Photo Matte Archival 230gsm"
10625,OLM67R24,"OLM 67 Olmec Photo Matte Archival 230gsm - 24""X30 M"
10626,OLM67R44,"OLM 67 Olmec Photo Matte Archival 230gsm - 44""X30 M"
10631,"OLM 70","OLM 70 Olmec Photo Pearl Premium 310gsm"
10636,OLM70R24,"OLM 70 Olmec Photo Pearl Premium 310gsm - 24''X25 M"
10637,OLM70R44,"OLM 70 Olmec Photo Pearl Premium 310gsm - 44''X25 M"
10639,"OLM 71","OLM 71 Olmec Photo Metallic Gloss 260gsm"
10640,OLM71R24,"OLM 71 Olmec Photo Metallic Gloss 260gsm - 24""X15 M"
10641,OLM71R44,"OLM 71 Olmec Photo Metallic Gloss 260gsm - 44""X15 M"
10648,"OLM 72","OLM 72 Olmec Photo Metallic Luster 260gsm"
10650,OLM72R24,"OLM 72 Olmec Photo Metallic Luster 260gsm - 24""X30 M"
10651,OLM72R44,"OLM 72 Olmec Photo Metallic Luster 260gsm - 44""X30 M"
10656,"OLM 15","OLM 15 Olmec Fine Art Soft White Cotton 275gsm"
10658,OLM15R24,"OLM 15 Olmec Fine Art Soft White Cotton 275gsm - 24""X15 M"
10659,OLM15R44,"OLM 15 Olmec Fine Art Soft White Cotton 275gsm - 44""X15 M"
10698,C11CJ43402BY,"Epson WorkForce Enterprise WF​ AM C4000​ Printer"
10714,C11CJ42402BY,"Epson WorkForce Enterprise​ AM-C5000​ Printer"
10731,C11CJ91402BY,"Epson WorkForce Enterprise​ AM C6000​ Printer"
10741,C13T08H300,"C13T08H300 Epson WorkForce Enterprise AM-C4000 Magenta Ink"
10747,C13T08H100,"C13T08H100 Epson WorkForce Enterprise AM-C4000 Black Ink"
10750,C13T08H200,"C13T08H200 Epson WorkForce Enterprise AM-C4000 Cyan Ink"
10753,C13T08H400,"C13T08H400 Epson WorkForce Enterprise AM-C4000 Yellow Ink"
10757,C12C937181,"Epson Maintenance Box (AM-C4000/C5000/C6000) - C12C937181"
10772,C13T08G300,"C13T08G300 Epson WorkForce Enterprise Magenta Ink"
10776,C13T08G100,"C13T08G100 Epson WorkForce Enterprise Black Ink"
10784,C13T08G400,"C13T08G400 Epson WorkForce AM-C5000/6000 Yellow Ink"
10787,C13T08G200,"C13T08G200 Epson WorkForce AM-C5000/ C6000 Cyan Ink"
10873,C11CH37402DR,"Epson SureColor SC-P900 Printer With Roll Adapter"
10930,CY-MS46,"Citizen CY-MS46 (4x6) Media"
10954,CY-MS68,"Citizen CY-MS68 (6x8) Media"
10964,CZ-MS46,"Citizen CZ-MS46 (4x6) Media"
10974,CZ-MS458,"Citizen CZ-MS458 (4.5x8) Media"
11059,"CX2W 812","Citizen CX2W 812 (8x12) Media"
11240,C11CJ80301,"Epson SureColor SC F100 Printer"
11264,C13T49N100,"C13T49N100 Epson Dye Sublimation Black Ink"
11269,C13T49N300,"C13T49N300 Epson Dye Sublimation Magenta Ink"
11272,C13T49N200,"C13T49N200 Epson Dye Sublimation Cyan Ink"
11279,C13T49N400,"C13T49N400 Epson Dye Sublimation Yellow Ink"
11282,C13S210125,"C13S210125 Epson Maintenance Box"
11408,C11CK23402BY,"Epson WorkForce Pro WF-C5890 DWF Printer"
11420,C13T11C140,"C13T11C140 Epson WF-C53xx / WF-C58xx Series L Black Ink"
11423,C13T11C240,"C13T11C240 Epson WF-C53xx / WF-C58xx Series L Cyan Ink"
11427,C13T11C340,"C13T11C340 Epson WF-C53xx / WF-C58xx Series Magenta Ink"
11453,C13T11C440,"C13T11C440 Epson WF-C53xx / WF-C58xx Series Yellow Ink"
11458,C13T11D140,"C13T11D140 Epson WF-C53xx / WF-C58xx Series Black Ink (XL)"
11461,C13T11D240,"C13T11D240 Epson WF-C53xx / WF-C58xx Series XL Cyan Ink"
11465,C13T11D340,"C13T11D340 Epson WF-C53xx / WF-C58xx Series XL Magenta Ink"
11468,C13T11D440,"C13T11D440 Epson WF-C53xx / WF-C58xx Series XL Yellow Ink"
11472,C13T11E140,"C13T11E140 Epson WF-C53xx / WF-C58xx Series XXL Black Ink"
11476,C12C938211,"Epson 58xx/53xx Series Maintenance Box - C12C938211"
12037,C13T55K100,"C13T55K100 Epson Singlepack Photo Black UltraChrome HDX/HD 700ml Ink"
12059,C13T55K200,"C13T55K200 Epson Singlepack Cyan UltraChrome HDX/HD 700ml Ink"
12062,C13T55K300,"C13T55K300 Epson Singlepack Vivid Magenta UltraChrome HDX/HD 700ml Ink"
12065,C13T55K600,"C13T55K600 Epson Singlepack Vivid Light Magenta 700ml Ink"
12089,C13T55K500,"C13T55K500 Epson Singlepack Light Cyan 700ml Ink"
12092,C13T55K400,"C13T55K400 Epson Singlepack Yellow UltraChrome HDX/HD 700ml Ink"
12117,C13T55K700,"C13T55K700 Epson Singlepack Light Black UltraChrome HDX/HD 700ml Ink"
12121,C13T55K800,"C13T55K800 Epson Singlepack Matte Black UltraChrome HDX/HD 700ml Ink"
12155,C13T55K900,"C13T55K900 Epson Singlepack Light Light Black UltraChrome HDX/HD 700ml Ink"
12163,C13T54X100,"C13T54X100 Epson Singlepack Photo Black UltraChrome HDX/HD 350ml Ink"
12166,C13T54X300,"C13T54X300 Epson Singlepack Vivid Magenta UltraChrome HDX/HD 350ml Ink"
12170,C13T54X200,"C13T54X200 Epson Singlepack Cyan UltraChrome HDX/HD 350ml Ink"
12218,C13T54X400,"C13T54X400 Epson Singlepack Yellow UltraChrome HDX/HD 350ml Ink"
12221,C13T54X500,"C13T54X500 Epson Singlepack Light Cyan UltraChrome HDX/HD 350ml Ink"
12224,C13T54X700,"C13T54X700 Epson Singlepack Light Black UltraChrome HDX/HD 350ml Ink"
12252,C13T40C440,"C13T40C440 Epson Singlepack UltraChrome XD2 Yellow Ink (26ml)"
12255,C13T40C240,"C13T40C240 Epson Singlepack UltraChrome XD2 Cyan Ink (26ml)"
12258,C13T40C340,"C13T40C340 Epson Singlepack UltraChrome XD2 Magenta Ink (26ml)"
12264,C13T40D140,"C13T40D140 Epson Singlepack UltraChrome XD2 Black Ink (80ml)"
12268,C13T40D340,"C13T40D340 Epson Singlepack UltraChrome XD2 Magenta Ink (50ml)"
12291,C13T40D240,"C13T40D240 Epson Singlepack UltraChrome XD2 Cyan Ink (50ml)"
12294,C13T40D440,"C13T40D440 Epson Singlepack UltraChrome XD2 Yellow Ink (50ml)"
12297,C13T40C140,"C13T40C140 Epson Singlepack UltraChrome XD2 Black Ink (50ml)"
12300,C13S210057,"C13S210057 Epson Maintenance box : LFP Desktop"
12377,C13T54X600,"C13T54X600 Epson Singlepack Vivid Light Magenta 350ml Ink"
12382,C13T54X800,"C13T54X800 Epson Singlepack Matte Black Ink 350ml"
12385,C13T54X900,"C13T54X900 Epson Singlepack Light Light Black Ink 350ml"
12453,C11CF11302A1,"Epson SureColor SC-T3100 – Wireless Printer (With Stand)"
12477,C13T55KB00,"C13T55KB00 Epson Singlepack Green UltraChrome HDX/HD 700ml Ink"
12480,C13T55KA00,"C13T55KA00 Epson Singlepack Orange UltraChrome HDX/HD 700ml Ink"
12483,C13T54XB00,"C13T54XB00 Epson Singlepack Green UltraChrome HDX/HD 350ml Ink"
12487,C11CF12301A1,"Epson SureColor SC-T5100 Wireless Technical Printer (With Stand)"
12501,C13T54XA00,"C13T54XA00 Epson Singlepack Orange 350ml Ink"
12505,C13T55KD00,"C13T55KD00 Epson Singlepack Violet UltraChrome HDX/HD 700ml Ink"
12508,C13T54XD00,"C13T54XD00 Epson Singlepack Violet UltraChrome HDX/HD 350ml Ink"
13317,KJ-P260PL,"Korejet Premium Luster Photo Paper 260GSM"
13321,KJP260PL17,"Korejet Premium Luster Photo Paper 260GSM - 17""X30 M"
13322,KJP260PL24,"Korejet Premium Luster Photo Paper 260GSM - 24""X30 M"
13323,KJP260PL36,"Korejet Premium Luster Photo Paper 260GSM - 36""X30 M"
13324,KJP260PL44,"Korejet Premium Luster Photo Paper 260GSM - 44""X30 M"
13325,KJP260PL60,"Korejet Premium Luster Photo Paper 260GSM - 60""X30 M"
13327,KJ-P260PG,"Korejet Premium Glossy Photo Paper 260 gsm"
13332,KJ-P260PG17,"Korejet Premium Glossy Photo Paper 260 gsm - 17""X30 M"
13333,KJ-P260PG24,"Korejet Premium Glossy Photo Paper 260 gsm - 24''X50M"
13334,KJ-P260PG36,"Korejet Premium Glossy Photo Paper 260 gsm - 36""X30 M"
13335,KJ-P260PG44,"Korejet Premium Glossy Photo Paper 260 gsm - 44""X30 M"
13336,KJ-P260PG60,"Korejet Premium Glossy Photo Paper 260 gsm - 60""X30 M"
13338,KJP250PLXDL,"Korejet Pro Luster Dry Lab Photo Paper 250 gsm"
13340,KJP250PL12DL,"Korejet Pro Luster Dry Lab Photo Paper 250 gsm - 12""X65 M"
13341,KJP250PL5DL,"Korejet Pro Luster Dry Lab Photo Paper 250 gsm - 5""X65 M"
13342,KJP250PL6DL,"Korejet Pro Luster Dry Lab Photo Paper 250 gsm - 6""X65 M"
13343,KJP250PL8DL,"Korejet Pro Luster Dry Lab Photo Paper 250 gsm - 8""X65 M"
13346,KJP260MG,"Korejet Metallic Gloss Photo Paper 260 GSM"
13349,KJP260MG24,"Korejet Metallic Gloss Photo Paper 260 GSM - 24""X30 M"
13350,KJP260MG44,"Korejet Metallic Gloss Photo Paper 260 GSM - 44""X30 M"
13351,KJC210AM,"Korejet Archival Matte Fine Art Paper 210 GSM"
13353,KJC-210AM24,"Korejet Archival Matte Fine Art Paper 210 GSM - 24""X30 M"
13355,KJC-210AM44,"Korejet Archival Matte Fine Art Paper 210 GSM - 44""X30 M"
13358,KJC390ES,"Korejet Eco-Solvent Polycotton Inkjet Matte Canvas 390 GSM"
13368,KJC390ES60,"Korejet Eco-Solvent Polycotton Inkjet Matte Canvas 390 GSM - 60""X25 M"
13370,KJC390AXXS,"Korejet Artistic Polycotton Canvas Satin 390 GSM"
13377,KJ-C370CXXM,"Korejet Classic Pure Cotton Canvas Matte 370 GSM"
13383,KJ-C390AXXM,"Korejet Artistic Polycotton Canvas Matte 390 GSM"
13385,KJ-C390A17M,"Korejet Artistic Polycotton Canvas Matte 390 GSM - 17""X15 M"
13386,KJ-C390A24M,"Korejet Artistic Polycotton Canvas Matte 390 GSM - 24""X15 M"
13387,KJ-C390A36M,"Korejet Artistic Polycotton Canvas Matte 390 GSM - 36""X15 M"
13388,KJ-C390A44M,"Korejet Artistic Polycotton Canvas Matte 390 GSM - 44""X15 M"
13389,KJ-C390A60M,"Korejet Artistic Polycotton Canvas Matte 390 GSM - 60""X15 M"
13394,KJP250PLXX,"Korejet Pro Luster Large Format Photo Paper 250 GSM"
13396,KJP250PL12,"Korejet Pro Luster Large Format Photo Paper 250 GSM - 12""X30 M"
13397,KJP250PL17,"Korejet Pro Luster Large Format Photo Paper 250 GSM - 17""X30 M"
13398,KJP250PL24,"Korejet Pro Luster Large Format Photo Paper 250 GSM - 24""X30 M"
13399,KJP250PL36,"Korejet Pro Luster Large Format Photo Paper 250 GSM - 36""X30 M"
13400,KJP250PL44,"Korejet Pro Luster Large Format Photo Paper 250 GSM - 44""X30 M"
13401,KJP250PL60,"Korejet Pro Luster Large Format Photo Paper 250 GSM - 60""X30 M"
13402,C11CF34201,"Epson WorkForce Pro WF-C869R Multifunction Color Printer"
13424,C13T973120,"C13T973120 Epson WorkForce Black XL Ink Cartridge"
13430,C13T973220,"C13T973220 Epson WorkForce Cyan XL Ink Cartridge"
13438,C13T973320,"C13T973320 Epson WorkForce Magenta XL Ink Cartridge"
13441,C13T973420,"C13T973420 Epson WorkForce Yellow XL Ink Cartridge"
13448,KJP260PL12,"Korejet Premium Luster Photo Paper 260GSM - 12""X30 M"
13449,C13T974120,"C13T974120 Epson WorkForce Black XXL Ink Cartridge"
13452,C13T974220,"C13T974220 Epson WorkForce Cyan XXL Ink Cartridge"
13455,C13T974320,"C13T974320 Epson WorkForce Magenta XXL Ink Cartridge"
13461,C13T974420,"C13T974420 Epson WorkForce Yellow XXL Ink Cartridge"
13496,KJC390A17S,"Korejet Artistic Polycotton Canvas Satin 390 GSM - 17""X15 M"
13497,KJC390A24S,"Korejet Artistic Polycotton Canvas Satin 390 GSM - 24""X15 M"
13498,KJC390A44S,"Korejet Artistic Polycotton Canvas Satin 390 GSM - 44""X15 M"
13501,KJ-C370C17M,"Korejet Classic Pure Cotton Canvas Matte 370 GSM - 17""X15 M"
13502,KJ-C370C24M,"Korejet Classic Pure Cotton Canvas Matte 370 GSM - 24""X15 M"
13503,KJ-C370C44M,"Korejet Classic Pure Cotton Canvas Matte 370 GSM - 44""X15 M"
13782,B11B252402,"Epson WorkForce WF DS-70 Business Scanner"
13798,B11B253402,"Epson WorkForce WF DS-80W Wireless Portable Scanner"
13813,B11B239402BB,"Epson WorkForce WF DS-1630 Flatbed Color Document Scanner"
13827,B11B244402BB,"Epson WorkForce WF DS-1660W Wi-Fi Flatbed Color Scanner"
13847,B11B241401BY,"Epson WorkForce WF DS-310 Portable Sheet-fed Document Scanner"
13882,B11B242401BY,"Epson WorkForce WF DS-360W Wi-Fi Portable Scanner"
13896,B11B249401BB,"Epson WorkForce WF DS-410 Document Scanner"
13913,B11B261401BB,"Epson WorkForce WF DS-530II Color Duplex Document Scanner"
13928,B11B259401BB,"Epson WorkForce WF DS-730N Network Color Document Scanner"
13948,B11B262401BB,"Epson Workforce WF DS-770 II Color Duplex Document Scanner"
13966,B11B265401BB,"Epson WorkForce WF DS-790WN Wireless Color Document Scanner"
13987,B11B250401BB,"Epson WorkForce WF DS-870 Color Duplex Document Scanner"
14002,B11B251401BB,"Epson WorkForce WF DS-970 Color Duplex Document Scanner"
14020,B11B255401BB,"Epson WorkForce WF DS-32000 Large-Format Document Scanner"
14036,B11B256401BB,"Epson WorkForce WF DS-30000 Large-Format Document Scanner"
14053,B11B204231BY,"Epson WorkForce WF DS-60000 Color Document Scanner"
14067,B11B204231BU,"Epson WorkForce WF DS-60000N Color Document Scanner"
14083,B11B204331BY,"Epson WorkForce WF DS-70000 Color Document Scanner"
14101,B11B204331BU,"Epson WorkForce WF DS-70000N Color Document Scanner"
14112,B11B205231BY,"Epson WorkForce WF DS-6500 Color Document Scanner"
14135,B11B205231BU,"Epson WorkForce WF DS 6500N Color Document Scanner"
14152,B11B205331BY,"Epson WorkForce WF DS-7500 Color Document Scanner"
14209,B11B205331BU,"Epson WorkForce WF DS-7500N Color Document Scanner"
14217,B11B240401BY,"Epson Expression 12000XL Photo Scanner"
14233,B11B240401BU,"Epson Expression 12000XL Pro. Photo Scanner"
14242,B11B263401BB,"Epson WorkForce WF ES-500WII Wireless Duplex Document Scanner"
14263,B11B258401BB,"Epson WorkForce WF ES-580W Wireless Touchscreen Document Scanner"
14279,C33S020580,"C33S020580 : SJMB3500 Epson Maintenance box"
14283,C12C890191,"C12C890191 Epson Ink Maintenance Tank"
14286,C13S400086,"C13S400086 Epson SureLab D1070 Maintenance Cartridge"
14289,C13T04D100,"C13T04D100 Epson Maintenance Box"
14293,C13T671100,"C13T671100 Epson Ink Maintenance Box"
14297,C13T58200,"C13T58200 Epson Maintenance Tank"
14300,C13T671200,"C13T671200 Epson Maintenance Box"
14394,C11CH84301A1,"Epson SureColor SC T7700DM Multifunction Printer"
14634,C11CH79301A0,"Epson SureColor SC T3700E Printer"
14664,C11CH80301A1,"Epson SureColor SC T3700D Printer"
14676,C11CH80302A1,"Epson SureColor SC T3700DE Printer"
14693,C11CH81301A1,"Epson SureColor SC-T5700D Printer"
14704,C11CH82301A0,"Epson SureColor SC T5700DM Technical Plotter Printer"
14746,C11CH83301A1,"Epson SureColor SC-T7700D Large Format Printer"
14805,C11CJ74301A1,"Epson SureColor SC-T7700DL Technical Printer"
14858,C13S090013,"C13S090013 Epson Printer Cleaning Stick (50 pcs)"
14866,C13T50M400,"C13T50M400 Epson Singlepack UltraChrome XD3 Yellow Ink"
14877,C13T50M800,"C13T50M800 Epson Singlepack UltraChrome XD3 Matte Black Ink"
14881,C13T50M300,"C13T50M300 Epson Singlepack UltraChrome XD3 Magenta Ink"
14892,10-ACP2X,"AirCastPro II Express Edition - Wireless Print Server"
15012,C13T50M100,"C13T50M100 Epson Singlepack UltraChrome XD3 Photo Black Ink"
15017,C13T50M200,"C13T50M200 Epson Singlepack UltraChrome XD3 Cyan Ink"
15021,C13T50MF00,"C13T50MF00 Epson Singlepack UltraChrome XD3 Red Ink"
15025,C13T50U100,"C13T50U100 Epson Singlepack UltraChrome XD3 Photo Black Ink"
15029,C13T50U300,"C13T50U300 Epson Singlepack UltraChrome XD3 Magenta Ink"
15032,C13T50U400,"C13T50U400 Epson Singlepack UltraChrome XD3 Yellow Ink"
15037,C13T50U200,"C13T50U200 Epson Singlepack UltraChrome XD3 Cyan Ink"
15040,C13T50UF00,"C13T50UF00 Epson Singlepack UltraChrome XD3 Red Ink"
15043,C13T50U80N,"C13T50U80N Epson Singlepack UltraChrome XD3 Matte Black Ink"
15046,C13S210116,"C13S210116 Epson Borderless Maintenance Box"
15050,C13S210115,"C13S210115 Epson Maintenance Box (Tx700/Px500)"
15057,C13S210117,"C13S210117 Epson Auto Cutter Blade"
15064,C13T53A100,"C13T53A100 Epson Ink PK 1.6L RIPS 6 Col"
15068,C13T53A200,"C13T53A200 Epson Ink Cyan 1.6L RIPS 6 Col"
15071,C13T53A800,"C13T53A800 Epson Ink MK 1.6L RIPS 6 Col"
15078,C13T53A300,"C13T53A300 Epson Ink MAG 1.6L RIPS 6 Col"
15081,C13T53A400,"C13T53A400 Epson Ink YEL 1.6L RIPS 6 Col"
15087,C13T53A900,"C13T53A900 Epson Ink Red 1.6L RIPS 6 Col"
15095,C11CJ50301A1,"Epson SureColor SC-P8500D Large Format Printer"
15107,C11CJ51301A1,"Epson SureColor SC-P8500DM Multifunctional Printer"
15116,C11CL14301A1,"Epson SureColor SC P5300 Professional 17"" Photo Printer"
15135,C13T48M100,"C13T48M100 Epson Singlepack UltraChrome Pro 6 Photo Black Ink"
15138,C13T48M200,"C13T48M200 Epson Singlepack UltraChrome Pro 6 Cyan Ink"
15143,C13T48M300,"C13T48M300 Epson Singlepack UltraChrome Pro 6 Magenta Ink"
15150,C13T48M800,"C13T48M800 Epson Singlepack UltraChrome Pro 6 Matte Black Ink"
15154,C13T48ME00,"C13T48ME00 Epson Singlepack UltraChrome Pro 6 Gray Ink"
15157,C13T48M400,"C13T48M400 Epson Singlepack UltraChrome Pro 6 Yellow Ink"
15160,C13T48U200,"C13T48U200 Epson Singlepack UltraChrome Pro 6 Cyan Ink"
15163,C13T48U100,"C13T48U100 Epson Singlepack UltraChrome Pro 6 Photo Black Ink"
15167,C13T48U300,"C13T48U300 Epson Singlepack UltraChrome Pro 6 Magenta Ink"
15170,C13T48U400,"C13T48U400 Epson Singlepack UltraChrome Pro 6 Yellow Ink"
15174,C13T48U800,"C13T48U800 Epson Singlepack UltraChrome Pro 6 Matte Black Ink"
15177,C13T48UE00,"C13T48UE00 Epson Singlepack UltraChrome Pro 6 Gray Ink"
15185,C13T55W200,"C13T55W200 Epson Cyan Ink Cartridge"
15188,C13T55W100,"C13T55W100 Epson Photo Black Ink Cartridge"
15191,C13T55W300,"C13T55W300 Epson Vivid Magenta Ink Cartridge"
15195,C13T55W500,"C13T55W500 Epson Light Cyan Ink Cartridge"
15198,C13T55W400,"C13T55W400 Epson Yellow Ink Cartridge"
15207,C13T55W600,"C13T55W600 Epson Vivid Light Magenta Ink Cartridge"
15210,C13T55W800,"C13T55W800 Epson Matte Black Ink Cartridge"
15213,C13T55W700,"C13T55W700 Epson Gray Ink Cartridge"
15220,C13T55W900,"C13T55W900 Epson Light Gray Ink Cartridge"
15224,C13T55WD00,"C13T55WD00 Epson Violet Ink Cartridge"
15240,C11CJ49301A1,"Epson SureColor SC-P6500D Printer"
15272,C11CJ49302A1,"Epson SureColor SC-P6500DE Printer"
15294,C11CJ48301A1,"Epson SureColor SC-P6500E Printer"
15807,C11CH65301A1,"Epson SureColor SC-T5400M MFP Plotter Printer"
16839,S045153,"S045153 Epson CrystalClear Film  Roll - 44” X 100’"
17224,C11CK99301A1,"Epson SureColor SC P20500 Printer"
17243,C13T56F100,"C13T56F100 Epson P-Series 64"" Photo Black IIPS Ink 1600ml"
17246,C13T56F200,"C13T56F200 Epson P-Series 64"" Cyan IIPS Ink 1600ml"
17248,C13T56F300,"C13T56F300 Epson P-Series 64"" Vivid Magenta IIPS Ink 1600ml"
17250,C13T56F400,"C13T56F400 Epson P-Series 64"" Yellow IIPS Ink 1600ml"
17252,C13T56F500,"C13T56F500 Epson P-Series 64"" Light Cyan IIPS Ink 1600ml"
17254,C13T56F600,"C13T56F600 Epson Vivid Light Magenta IIPS Ink 1600ml"
17257,C13T56F700,"C13T56F700 Epson P-Series 64"" Gray IIPS Ink 1600ml"
17259,C13T56F800,"C13T56F800 Epson P-Series 64"" Matte Black IIPS Ink 1600ml"
17261,C13T56F900,"C13T56F900 Epson P-Series 64"" Light Gray IIPS Ink 1600ml"
17263,C13T56FA00,"C13T56FA00 Epson P-Series 64"" Orange IIPS Ink 1600ml"
17265,C13T56FB00,"C13T56FB00 Epson P-Series 64"" Green IIPS Ink 1600ml"
17267,C13T56FD00,"C13T56FD00 Epson P-Series 64"" Violet IIPS Ink 1600ml"
17627,10-ACP3X,"AirCastPro3 - Mobile and Desktop Wireless Print Server"
17774,C11CJ93402BY,"Epson WorkForce AM-C400 A4 Multifunctional Printer"
17793,C11CJ92402BY,"Epson WorkForce AM-C550 A4 Color Multifunction Printer"
17817,C13T08N440,"C13T08N440 Epson WorkForce AM-C400 Yellow Ink"
17820,C13T08N240,"C13T08N240 Epson WorkForce AM-C400 Cyan Ink"
17824,C13T08N340,"C13T08N340 Epson WorkForce AM-C400 Magenta Ink"
17827,C13T08N140,"C13T08N140 Epson WorkForce AM-C400 Black Ink"
17830,C12C937201,"C12C937201 Epson Maintenance Box AM-C400/550"
17834,C13T08Q140,"C13T08Q140 Epson WorkForce AM-C550 Black Ink"
17837,C13T08Q440,"C13T08Q440 Epson WorkForce AM-C550 Yellow Ink"
17840,C13T08Q340,"C13T08Q340 Epson WorkForce AM-C550 Magenta Ink"
17844,C13T08Q240,"C13T08Q240 Epson WorkForce AM-C550 Cyan Ink"
18277,C11CK19401,"Epson WorkForce Pro EM-C800 Color Multifunction Printer"
18293,C13T11N140,"C13T11N140 Epson WorkForce Pro EM-C800R Black XL Ink"
18302,C13T11P140,"C13T11P140 Epson WorkForce Pro EM-C800R Black XXL Ink"
18305,C13T11N240,"C13T11N240 Epson WorkForce Pro EM-C800R Cyan XL Ink"
18308,C13T11P240,"C13T11P240 Epson WorkForce Pro EM-C800R Cyan XXL Ink"
18311,C13T11N340,"C13T11N340 Epson WorkForce Pro EM-C800R Magenta XL Ink"
18315,C13T11P340,"C13T11P340 Epson WorkForce Pro EM-C800R Magenta XXL Ink"
18318,C13T11N440,"C13T11N440 Epson WorkForce Pro EM-C800R Yellow XL Ink"
18321,C13T11P440,"C13T11P440 Epson WorkForce Pro EM-C800R Yellow XXL Ink"
18442,KJP230PMXX,"KOREJET PREMIUM MATTE 230GSM PHOTO PAPER"
18443,KJP230PM17,"KOREJET PREMIUM MATTE 230GSM PHOTO PAPER - 17""X30 M"
18444,KJP230PM24,"KOREJET PREMIUM MATTE 230GSM PHOTO PAPER - 24""X30 M"
18445,KJP230PM36,"KOREJET PREMIUM MATTE 230GSM PHOTO PAPER - 36""X30 M"
18446,KJP230PM44,"KOREJET PREMIUM MATTE 230GSM PHOTO PAPER - 44""X30 M"
18447,KJP230PM60,"KOREJET PREMIUM MATTE 230GSM PHOTO PAPER - 60""X30 M"
18499,C11CJ54301A1,"Epson SureColor SC-T5100M Plotter Printer"
18709,C11CJ17301A0,"Epson SureColor SC-F500 Dye-Sublimation Printer"
18723,C13S400082,"C13S400082 DS Transfer General Purpose 210mm×30.5m"
18726,C13S400081,"C13S400081 DS Transfer General Purpose 297mm × 30.5m"
18730,C13S400079,"C13S400079 DS Transfer General Purpose 432mm×30.5m"
18733,C13S400080,"C13S400080 DS Transfer General Purpose 610mm × 30.5m"
18736,C13S400077,"C13S400077 DS Transfer General Purpose A3 Sheets"
18739,C13S400078,"C13S400078 DS Transfer General Purpose A4 Sheets"
18742,C13S210055,"C13S210055 Auto Cutter Spare Blade LFP desktop"
18745,,"C13S210057 Maintenance Box: LPF desktop"
18752,,"Mirage Professional Printing Software"
18930,B11B275401,"Epson WorkForce DS-800WN Document Scanner"
18938,B11B276401,"Epson WorkForce DS-900WN High-Speed Network Document Scanner"
